Commuting,Employer's Business,Other,AM
0.8626497515787925,0.8957028369093097,0.9291965497484941,0.9103555288847993
