HBW,HBEmp,HBO,NHBW,NHBO,AM
0.6025371540699723,0.6574439504643392,0.5950375553476122,0.3050230544068913,0.6622040353780992,0.5663074957577734
