Commuting,Employer's Business,Other,AM
0.7846107749983231,0.5857493412416226,0.5463630912878296,0.6631176108165157
