Commuting,Employer's Business,Other,IP
0.8078723686206704,0.7901204244115092,0.8832718261092282,0.8757991797504886
