HBW,HBEmp,HBO,NHBW,NHBO,IP
0.5682834632616627,0.7231265986276632,0.5919200415362894,0.4474633055745133,0.5078895561276318,0.5459921406197027
