Commuting,Employer's Business,Other,IP
0.9341309117574413,0.641658335775834,0.24165438177115814,0.6001611416758479
