Commuting,Employer's Business,Other,PM
0.819761569080754,0.7448380126032744,0.5770615456033942,0.8003164699961866
