HBW,HBEmp,HBO,NHBW,NHBO,PM
0.546392826098889,0.6733986435297173,0.6134907830258276,0.35239896341715793,0.5885590374076006,0.5526984516405341
