Commuting,Employer's Business,Other,PM
0.5491223813332752,0.4209706404266521,0.2754797734376387,0.41337250420122557
